primeLT,commonCharsLT,crossSumLN,countIntegerIntervalLN,powerLT,linearSearchLT,factorialLN,bubbleSortLT,forwardBackwardLT,capitalizeFirstLetterLT,palindromeLN,arrayAverageLT,containsSubstringLN,countLettersLT,squareRootLT,leastCommonMultipleLN,unrolledSortLT,validParenthesesLN,binaryToDecimalLT,binarySearchLT
bubbleSortLT,linearSearchLN,primeLN,binarySearchLT,leastCommonMultipleLN,factorialLT,containsSubstringLT,powerLT,binaryToDecimalLT,arrayAverageLT,forwardBackwardLT,unrolledSortLT,countIntegerIntervalLT,palindromeLT,countLettersLT,commonCharsLN,validParenthesesLT,capitalizeFirstLetterLN,squareRootLN,crossSumLN
countLettersLT,palindromeLN,unrolledSortLN,binaryToDecimalLN,forwardBackwardLN,primeLN,factorialLN,bubbleSortLN,arrayAverageLT,crossSumLT,powerLN,containsSubstringLT,linearSearchLN,commonCharsLT,capitalizeFirstLetterLN,validParenthesesLN,binarySearchLT,countIntegerIntervalLT,squareRootLN,leastCommonMultipleLN
capitalizeFirstLetterLT,validParenthesesLT,leastCommonMultipleLN,countLettersLT,binarySearchLN,arrayAverageLN,commonCharsLT,countIntegerIntervalLT,palindromeLT,forwardBackwardLT,bubbleSortLN,primeLN,crossSumLN,squareRootLN,unrolledSortLT,binaryToDecimalLT,linearSearchLT,powerLN,containsSubstringLT,factorialLT
forwardBackwardLN,squareRootLN,containsSubstringLT,crossSumLT,primeLN,capitalizeFirstLetterLT,validParenthesesLN,linearSearchLN,commonCharsLN,countIntegerIntervalLN,powerLT,leastCommonMultipleLT,palindromeLT,binarySearchLT,factorialLN,countLettersLN,bubbleSortLT,unrolledSortLT,binaryToDecimalLT,arrayAverageLN
factorialLN,binaryToDecimalLN,palindromeLT,bubbleSortLT,linearSearchLT,unrolledSortLN,leastCommonMultipleLT,countLettersLT,squareRootLN,capitalizeFirstLetterLT,binarySearchLT,validParenthesesLN,containsSubstringLT,countIntegerIntervalLT,forwardBackwardLN,primeLT,commonCharsLN,crossSumLT,arrayAverageLN,powerLN
primeLN,binarySearchLN,binaryToDecimalLT,countLettersLT,bubbleSortLN,squareRootLN,powerLN,crossSumLT,unrolledSortLN,countIntegerIntervalLN,linearSearchLT,capitalizeFirstLetterLT,leastCommonMultipleLN,arrayAverageLT,forwardBackwardLN,palindromeLT,containsSubstringLN,commonCharsLN,factorialLN,validParenthesesLT
primeLT,palindromeLT,binaryToDecimalLT,bubbleSortLN,leastCommonMultipleLT,containsSubstringLT,validParenthesesLT,squareRootLT,arrayAverageLN,forwardBackwardLT,factorialLN,commonCharsLT,countIntegerIntervalLN,powerLN,capitalizeFirstLetterLN,binarySearchLN,linearSearchLT,countLettersLT,crossSumLN,unrolledSortLN
countIntegerIntervalLT,binaryToDecimalLT,palindromeLT,primeLN,crossSumLT,commonCharsLT,unrolledSortLN,forwardBackwardLT,countLettersLN,arrayAverageLT,factorialLT,binarySearchLT,bubbleSortLN,linearSearchLN,containsSubstringLN,validParenthesesLT,squareRootLT,capitalizeFirstLetterLN,powerLT,leastCommonMultipleLN
bubbleSortMT,validParenthesesMT,powerMN,countIntegerIntervalMT,factorialMN,squareRootMN,capitalizeFirstLetterMN,commonCharsMT,containsSubstringMN,arrayAverageMT,unrolledSortMT,binarySearchMT,primeMN,palindromeMN,countLettersMT,crossSumMT,leastCommonMultipleMN,forwardBackwardMT,binaryToDecimalMT,linearSearchMN
binarySearchLT,linearSearchLT,validParenthesesLT,crossSumLT,arrayAverageLT,factorialLN,countIntegerIntervalLT,binaryToDecimalLT,forwardBackwardLN,palindromeLN,commonCharsLN,countLettersLT,primeLT,bubbleSortLN,leastCommonMultipleLT,squareRootLT,unrolledSortLN,containsSubstringLT,capitalizeFirstLetterLT,powerLN
commonCharsMN,unrolledSortMT,capitalizeFirstLetterMT,leastCommonMultipleMN,containsSubstringMT,squareRootMT,bubbleSortMT,factorialMN,binarySearchMN,arrayAverageMN,countIntegerIntervalMT,linearSearchMT,binaryToDecimalMT,palindromeMN,forwardBackwardMT,validParenthesesMN,primeMN,countLettersMN,crossSumMN,powerMT
