validParenthesesMT,binaryToDecimalMT,arrayAverageMT,primeMT,factorialMT,leastCommonMultipleMN,squareRootMN,crossSumMT,palindromeMN,commonCharsMT,containsSubstringMT,forwardBackwardMN,bubbleSortMT,powerMT,unrolledSortMN,countIntegerIntervalMT,countLettersMN,capitalizeFirstLetterMN,linearSearchMN,binarySearchMT
countLettersMT,primeMN,binarySearchMN,bubbleSortMT,arrayAverageMT,containsSubstringMT,palindromeMT,unrolledSortMT,factorialMN,squareRootMN,capitalizeFirstLetterMN,validParenthesesMT,crossSumMT,leastCommonMultipleMN,forwardBackwardMT,commonCharsMT,countIntegerIntervalMT,linearSearchMT,powerMN,binaryToDecimalMT
unrolledSortMN,leastCommonMultipleMT,crossSumMT,binaryToDecimalMN,validParenthesesMN,primeMT,countIntegerIntervalMN,powerMN,commonCharsMN,arrayAverageMT,squareRootMN,bubbleSortMT,linearSearchMT,forwardBackwardMT,factorialMN,binarySearchMT,countLettersMN,palindromeMN,capitalizeFirstLetterMT,containsSubstringMN
factorialMN,palindromeMT,bubbleSortMT,binarySearchMN,powerMT,linearSearchMT,squareRootMN,forwardBackwardMT,primeMT,leastCommonMultipleMN,commonCharsMN,unrolledSortMT,capitalizeFirstLetterMN,countIntegerIntervalMN,arrayAverageMN,countLettersMN,crossSumMN,containsSubstringMN,binaryToDecimalMT,validParenthesesMT
containsSubstringLT,countLettersLN,leastCommonMultipleLT,unrolledSortLT,powerLT,commonCharsLT,squareRootLN,capitalizeFirstLetterLT,binarySearchLN,forwardBackwardLN,crossSumLT,arrayAverageLT,binaryToDecimalLN,bubbleSortLT,palindromeLT,countIntegerIntervalLT,factorialLN,linearSearchLT,primeLT,validParenthesesLT
primeLT,commonCharsLT,crossSumLN,countIntegerIntervalLN,powerLT,linearSearchLT,factorialLN,bubbleSortLT,forwardBackwardLT,capitalizeFirstLetterLT,palindromeLN,arrayAverageLT,containsSubstringLN,countLettersLT,squareRootLT,leastCommonMultipleLN,unrolledSortLT,validParenthesesLN,binaryToDecimalLT,binarySearchLT
countLettersMN,palindromeMN,powerMT,leastCommonMultipleMN,forwardBackwardMT,linearSearchMT,bubbleSortMN,commonCharsMN,unrolledSortMT,capitalizeFirstLetterMN,validParenthesesMT,crossSumMT,factorialMN,squareRootMT,countIntegerIntervalMT,arrayAverageMN,primeMT,binaryToDecimalMN,containsSubstringMN,binarySearchMN
bubbleSortMN,leastCommonMultipleMN,binarySearchMT,linearSearchMT,containsSubstringMT,squareRootMT,crossSumMT,validParenthesesMN,commonCharsMT,binaryToDecimalMT,powerMT,unrolledSortMT,countIntegerIntervalMN,countLettersMT,capitalizeFirstLetterMT,factorialMN,arrayAverageMN,primeMT,palindromeMN,forwardBackwardMN
unrolledSortMT,countLettersMN,bubbleSortMT,linearSearchMN,validParenthesesMT,capitalizeFirstLetterMT,crossSumMT,primeMN,squareRootMN,forwardBackwardMN,binarySearchMN,leastCommonMultipleMN,countIntegerIntervalMN,palindromeMN,commonCharsMT,arrayAverageMT,binaryToDecimalMN,containsSubstringMN,powerMN,factorialMN
commonCharsMN,binarySearchMT,squareRootMT,binaryToDecimalMT,crossSumMN,countIntegerIntervalMT,validParenthesesMN,primeMN,countLettersMT,palindromeMT,arrayAverageMT,capitalizeFirstLetterMT,containsSubstringMT,factorialMN,bubbleSortMT,leastCommonMultipleMT,powerMT,forwardBackwardMN,linearSearchMN,unrolledSortMN
factorialMT,binarySearchMN,containsSubstringMT,squareRootMN,linearSearchMN,leastCommonMultipleMT,unrolledSortMT,palindromeMN,countIntegerIntervalMT,bubbleSortMT,primeMN,crossSumMT,countLettersMT,binaryToDecimalMT,forwardBackwardMN,capitalizeFirstLetterMT,powerMT,validParenthesesMT,arrayAverageMN,commonCharsMN
validParenthesesMN,linearSearchMN,binaryToDecimalMN,countIntegerIntervalMN,palindromeMN,binarySearchMT,forwardBackwardMN,unrolledSortMN,powerMT,leastCommonMultipleMN,arrayAverageMT,commonCharsMT,countLettersMN,squareRootMT,capitalizeFirstLetterMN,primeMN,bubbleSortMT,crossSumMT,factorialMT,containsSubstringMN
palindromeMT,leastCommonMultipleMN,binaryToDecimalMT,powerMN,capitalizeFirstLetterMT,countLettersMN,squareRootMT,arrayAverageMT,bubbleSortMN,linearSearchMT,commonCharsMN,countIntegerIntervalMT,forwardBackwardMT,binarySearchMT,containsSubstringMT,primeMN,factorialMN,crossSumMN,validParenthesesMT,unrolledSortMN
containsSubstringMN,powerMN,leastCommonMultipleMN,unrolledSortMN,binaryToDecimalMN,primeMN,capitalizeFirstLetterMT,forwardBackwardMT,palindromeMN,countLettersMN,validParenthesesMN,countIntegerIntervalMT,linearSearchMT,arrayAverageMT,factorialMT,commonCharsMT,bubbleSortMT,squareRootMN,crossSumMT,binarySearchMT
bubbleSortLT,linearSearchLN,primeLN,binarySearchLT,leastCommonMultipleLN,factorialLT,containsSubstringLT,powerLT,binaryToDecimalLT,arrayAverageLT,forwardBackwardLT,unrolledSortLT,countIntegerIntervalLT,palindromeLT,countLettersLT,commonCharsLN,validParenthesesLT,capitalizeFirstLetterLN,squareRootLN,crossSumLN
binarySearchMN,arrayAverageMT,containsSubstringMN,validParenthesesMT,squareRootMT,primeMN,commonCharsMN,countIntegerIntervalMT,binaryToDecimalMN,countLettersMN,linearSearchMT,factorialMN,forwardBackwardMT,leastCommonMultipleMN,unrolledSortMN,palindromeMT,capitalizeFirstLetterMT,powerMN,crossSumMN,bubbleSortMT
countLettersLT,palindromeLN,unrolledSortLN,binaryToDecimalLN,forwardBackwardLN,primeLN,factorialLN,bubbleSortLN,arrayAverageLT,crossSumLT,powerLN,containsSubstringLT,linearSearchLN,commonCharsLT,capitalizeFirstLetterLN,validParenthesesLN,binarySearchLT,countIntegerIntervalLT,squareRootLN,leastCommonMultipleLN
containsSubstringMN,countLettersMT,commonCharsMT,crossSumMN,binarySearchMT,powerMN,validParenthesesMN,bubbleSortMN,leastCommonMultipleMN,capitalizeFirstLetterMN,forwardBackwardMN,factorialMT,linearSearchMN,countIntegerIntervalMN,squareRootMN,binaryToDecimalMN,primeMT,palindromeMT,arrayAverageMT,unrolledSortMN
capitalizeFirstLetterLT,validParenthesesLT,leastCommonMultipleLN,countLettersLT,binarySearchLN,arrayAverageLN,commonCharsLT,countIntegerIntervalLT,palindromeLT,forwardBackwardLT,bubbleSortLN,primeLN,crossSumLN,squareRootLN,unrolledSortLT,binaryToDecimalLT,linearSearchLT,powerLN,containsSubstringLT,factorialLT
forwardBackwardLN,squareRootLN,containsSubstringLT,crossSumLT,primeLN,capitalizeFirstLetterLT,validParenthesesLN,linearSearchLN,commonCharsLN,countIntegerIntervalLN,powerLT,leastCommonMultipleLT,palindromeLT,binarySearchLT,factorialLN,countLettersLN,bubbleSortLT,unrolledSortLT,binaryToDecimalLT,arrayAverageLN
unrolledSortMT,countLettersMT,forwardBackwardMT,containsSubstringMT,squareRootMT,binaryToDecimalMT,arrayAverageMT,validParenthesesMN,factorialMT,primeMT,capitalizeFirstLetterMT,crossSumMN,palindromeMT,binarySearchMT,leastCommonMultipleMN,commonCharsMN,countIntegerIntervalMN,linearSearchMN,powerMT,bubbleSortMN
arrayAverageMN,unrolledSortMN,countLettersMT,factorialMN,countIntegerIntervalMT,linearSearchMT,primeMN,validParenthesesMT,crossSumMT,forwardBackwardMT,containsSubstringMN,palindromeMT,commonCharsMN,capitalizeFirstLetterMT,binarySearchMN,binaryToDecimalMN,bubbleSortMN,leastCommonMultipleMT,powerMT,squareRootMT
factorialLN,binaryToDecimalLN,palindromeLT,bubbleSortLT,linearSearchLT,unrolledSortLN,leastCommonMultipleLT,countLettersLT,squareRootLN,capitalizeFirstLetterLT,binarySearchLT,validParenthesesLN,containsSubstringLT,countIntegerIntervalLT,forwardBackwardLN,primeLT,commonCharsLN,crossSumLT,arrayAverageLN,powerLN
factorialMT,forwardBackwardMT,commonCharsMT,containsSubstringMT,countLettersMT,arrayAverageMT,primeMN,squareRootMN,capitalizeFirstLetterMT,powerMT,countIntegerIntervalMN,palindromeMN,validParenthesesMN,binarySearchMN,crossSumMN,linearSearchMT,binaryToDecimalMN,unrolledSortMT,bubbleSortMT,leastCommonMultipleMT
primeLN,binarySearchLN,binaryToDecimalLT,countLettersLT,bubbleSortLN,squareRootLN,powerLN,crossSumLT,unrolledSortLN,countIntegerIntervalLN,linearSearchLT,capitalizeFirstLetterLT,leastCommonMultipleLN,arrayAverageLT,forwardBackwardLN,palindromeLT,containsSubstringLN,commonCharsLN,factorialLN,validParenthesesLT
linearSearchMT,crossSumMT,forwardBackwardMT,unrolledSortMT,validParenthesesMN,squareRootMN,containsSubstringMN,bubbleSortMN,arrayAverageMT,factorialMN,binaryToDecimalMN,powerMN,palindromeMT,primeMT,capitalizeFirstLetterMT,binarySearchMT,countLettersMT,commonCharsMN,leastCommonMultipleMT,countIntegerIntervalMN
leastCommonMultipleMT,factorialMT,validParenthesesMN,primeMT,unrolledSortMT,linearSearchMT,crossSumMN,containsSubstringMT,powerMT,squareRootMN,bubbleSortMN,capitalizeFirstLetterMT,forwardBackwardMN,binaryToDecimalMN,countLettersMN,countIntegerIntervalMT,palindromeMN,binarySearchMT,arrayAverageMT,commonCharsMT
primeLT,palindromeLT,binaryToDecimalLT,bubbleSortLN,leastCommonMultipleLT,containsSubstringLT,validParenthesesLT,squareRootLT,arrayAverageLN,forwardBackwardLT,factorialLN,commonCharsLT,countIntegerIntervalLN,powerLN,capitalizeFirstLetterLN,binarySearchLN,linearSearchLT,countLettersLT,crossSumLN,unrolledSortLN
countIntegerIntervalLT,binaryToDecimalLT,palindromeLT,primeLN,crossSumLT,commonCharsLT,unrolledSortLN,forwardBackwardLT,countLettersLN,arrayAverageLT,factorialLT,binarySearchLT,bubbleSortLN,linearSearchLN,containsSubstringLN,validParenthesesLT,squareRootLT,capitalizeFirstLetterLN,powerLT,leastCommonMultipleLN
countIntegerIntervalMN,palindromeMN,leastCommonMultipleMT,validParenthesesMT,primeMN,squareRootMN,bubbleSortMT,linearSearchMT,powerMN,unrolledSortMN,binarySearchMT,countLettersMT,commonCharsMT,arrayAverageMT,forwardBackwardMN,containsSubstringMN,factorialMT,capitalizeFirstLetterMN,crossSumMN,binaryToDecimalMT
binarySearchLT,linearSearchLT,validParenthesesLT,crossSumLT,arrayAverageLT,factorialLN,countIntegerIntervalLT,binaryToDecimalLT,forwardBackwardLN,palindromeLN,commonCharsLN,countLettersLT,primeLT,bubbleSortLN,leastCommonMultipleLT,squareRootLT,unrolledSortLN,containsSubstringLT,capitalizeFirstLetterLT,powerLN
palindromeLT,countLettersLN,countIntegerIntervalLT,binarySearchLN,linearSearchLT,binaryToDecimalLN,arrayAverageLT,containsSubstringLN,unrolledSortLT,forwardBackwardLN,primeLN,leastCommonMultipleLT,crossSumLT,squareRootLN,bubbleSortLN,validParenthesesLT,capitalizeFirstLetterLT,factorialLT,commonCharsLN,powerLN
leastCommonMultipleMT,powerMN,primeMT,linearSearchMN,commonCharsMN,binarySearchMN,binaryToDecimalMN,countIntegerIntervalMN,palindromeMT,capitalizeFirstLetterMN,factorialMT,squareRootMN,crossSumMT,validParenthesesMT,unrolledSortMT,arrayAverageMN,bubbleSortMN,containsSubstringMN,countLettersMN,forwardBackwardMN
factorialLT,forwardBackwardLT,primeLN,arrayAverageLT,linearSearchLN,countLettersLN,binaryToDecimalLT,bubbleSortLT,validParenthesesLN,leastCommonMultipleLN,unrolledSortLT,containsSubstringLT,binarySearchLT,palindromeLT,countIntegerIntervalLT,crossSumLN,powerLT,capitalizeFirstLetterLT,commonCharsLN,squareRootLT
primeMN,countLettersMT,validParenthesesMN,forwardBackwardMT,arrayAverageMN,containsSubstringMT,crossSumMN,bubbleSortMT,capitalizeFirstLetterMN,leastCommonMultipleMT,binaryToDecimalMT,commonCharsMN,factorialMN,palindromeMT,linearSearchMT,countIntegerIntervalMN,squareRootMN,powerMT,unrolledSortMT,binarySearchMT
capitalizeFirstLetterMT,binaryToDecimalMN,primeMT,linearSearchMT,leastCommonMultipleMT,containsSubstringMN,forwardBackwardMN,bubbleSortMT,powerMT,unrolledSortMT,factorialMT,validParenthesesMN,squareRootMT,commonCharsMT,crossSumMN,palindromeMN,countLettersMT,countIntegerIntervalMT,arrayAverageMN,binarySearchMT
bubbleSortMT,validParenthesesMT,powerMN,countIntegerIntervalMT,factorialMN,squareRootMN,capitalizeFirstLetterMN,commonCharsMT,containsSubstringMN,arrayAverageMT,unrolledSortMT,binarySearchMT,primeMN,palindromeMN,countLettersMT,crossSumMT,leastCommonMultipleMN,forwardBackwardMT,binaryToDecimalMT,linearSearchMN
commonCharsMN,unrolledSortMT,capitalizeFirstLetterMT,leastCommonMultipleMN,containsSubstringMT,squareRootMT,bubbleSortMT,factorialMN,binarySearchMN,arrayAverageMN,countIntegerIntervalMT,linearSearchMT,binaryToDecimalMT,palindromeMN,forwardBackwardMT,validParenthesesMN,primeMN,countLettersMN,crossSumMN,powerMT
squareRootLT,validParenthesesLN,crossSumLN,powerLT,bubbleSortLN,countLettersLN,forwardBackwardLT,palindromeLN,binaryToDecimalLT,capitalizeFirstLetterLT,arrayAverageLT,binarySearchLN,commonCharsLT,factorialLT,containsSubstringLT,unrolledSortLN,primeLT,linearSearchLN,leastCommonMultipleLT,countIntegerIntervalLN
binaryToDecimalLN,arrayAverageLN,commonCharsLN,crossSumLN,containsSubstringLT,powerLN,validParenthesesLT,countIntegerIntervalLN,primeLN,forwardBackwardLN,unrolledSortLN,linearSearchLN,countLettersLN,squareRootLN,leastCommonMultipleLT,capitalizeFirstLetterLN,binarySearchLT,bubbleSortLT,factorialLT,palindromeLT
